kind,key,category,route,source
"builtin-page","finance/budget-planner","finance","/finance/budget-planner","src/app/finance/budget-planner/page.tsx"
"builtin-page","finance/car-loan-calculator","finance","/finance/car-loan-calculator","src/app/finance/car-loan-calculator/page.tsx"
"builtin-page","finance/churn-rate-calculator","finance","/finance/churn-rate-calculator","src/app/finance/churn-rate-calculator/page.tsx"
"builtin-page","finance/click-through-rate-calculator","finance","/finance/click-through-rate-calculator","src/app/finance/click-through-rate-calculator/page.tsx"
"builtin-page","finance/compound-interest-calculator","finance","/finance/compound-interest-calculator","src/app/finance/compound-interest-calculator/page.tsx"
"builtin-page","finance/cpc-cpm-calculator","finance","/finance/cpc-cpm-calculator","src/app/finance/cpc-cpm-calculator/page.tsx"
"builtin-page","finance/credit-card-payoff-calculator","finance","/finance/credit-card-payoff-calculator","src/app/finance/credit-card-payoff-calculator/page.tsx"
"builtin-page","finance/customer-lifetime-value-calculator","finance","/finance/customer-lifetime-value-calculator","src/app/finance/customer-lifetime-value-calculator/page.tsx"
"builtin-page","finance/discount-calculator","finance","/finance/discount-calculator","src/app/finance/discount-calculator/page.tsx"
"builtin-page","finance/dti-calculator","finance","/finance/dti-calculator","src/app/finance/dti-calculator/page.tsx"
"builtin-page","finance/emi-calculator","finance","/finance/emi-calculator","src/app/finance/emi-calculator/page.tsx"
"builtin-page","finance/employee-cost-calculator","finance","/finance/employee-cost-calculator","src/app/finance/employee-cost-calculator/page.tsx"
"builtin-page","finance/foreign-exchange-fee-calculator","finance","/finance/foreign-exchange-fee-calculator","src/app/finance/foreign-exchange-fee-calculator/page.tsx"
"builtin-page","finance/freelancer-rate-calculator","finance","/finance/freelancer-rate-calculator","src/app/finance/freelancer-rate-calculator/page.tsx"
"builtin-page","finance/gst-calculator","finance","/finance/gst-calculator","src/app/finance/gst-calculator/page.tsx"
"builtin-page","finance/invoice-generator","finance","/finance/invoice-generator","src/app/finance/invoice-generator/page.tsx"
"builtin-page","finance/loan-payoff-calculator","finance","/finance/loan-payoff-calculator","src/app/finance/loan-payoff-calculator/page.tsx"
"builtin-page","finance/london-business-startup-cost-calculator","finance","/finance/london-business-startup-cost-calculator","src/app/finance/london-business-startup-cost-calculator/page.tsx"
"builtin-page","finance/mortgage-calculator","finance","/finance/mortgage-calculator","src/app/finance/mortgage-calculator/page.tsx"
"builtin-page","finance/net-worth-calculator","finance","/finance/net-worth-calculator","src/app/finance/net-worth-calculator/page.tsx"
"builtin-page","finance/new-york-business-startup-cost-calculator","finance","/finance/new-york-business-startup-cost-calculator","src/app/finance/new-york-business-startup-cost-calculator/page.tsx"
"builtin-page","finance/payroll-tax-calculator","finance","/finance/payroll-tax-calculator","src/app/finance/payroll-tax-calculator/page.tsx"
"builtin-page","finance/percentage-calculator","finance","/finance/percentage-calculator","src/app/finance/percentage-calculator/page.tsx"
"builtin-page","finance/profit-margin-calculator","finance","/finance/profit-margin-calculator","src/app/finance/profit-margin-calculator/page.tsx"
"builtin-page","finance/roi-calculator","finance","/finance/roi-calculator","src/app/finance/roi-calculator/page.tsx"
"builtin-page","finance/salary-calculator","finance","/finance/salary-calculator","src/app/finance/salary-calculator/page.tsx"
"builtin-page","finance/salary-to-hourly-calculator","finance","/finance/salary-to-hourly-calculator","src/app/finance/salary-to-hourly-calculator/page.tsx"
"builtin-page","finance/savings-goal-calculator","finance","/finance/savings-goal-calculator","src/app/finance/savings-goal-calculator/page.tsx"
"builtin-page","finance/uae-gratuity-calculator","finance","/finance/uae-gratuity-calculator","src/app/finance/uae-gratuity-calculator/page.tsx"
"builtin-page","finance/uae-salary-calculator","finance","/finance/uae-salary-calculator","src/app/finance/uae-salary-calculator/page.tsx"
"builtin-page","finance/uae-visa-cost-calculator","finance","/finance/uae-visa-cost-calculator","src/app/finance/uae-visa-cost-calculator/page.tsx"
"builtin-page","finance/vat-calculator","finance","/finance/vat-calculator","src/app/finance/vat-calculator/page.tsx"
"builtin-page","health/age-grading-calculator","health","/health/age-grading-calculator","src/app/health/age-grading-calculator/page.tsx"
"builtin-page","health/blood-pressure-calculator","health","/health/blood-pressure-calculator","src/app/health/blood-pressure-calculator/page.tsx"
"builtin-page","health/bmr-calculator","health","/health/bmr-calculator","src/app/health/bmr-calculator/page.tsx"
"builtin-page","health/body-fat-calculator","health","/health/body-fat-calculator","src/app/health/body-fat-calculator/page.tsx"
"builtin-page","health/caffeine-calculator","health","/health/caffeine-calculator","src/app/health/caffeine-calculator/page.tsx"
"builtin-page","health/calorie-calculator","health","/health/calorie-calculator","src/app/health/calorie-calculator/page.tsx"
"builtin-page","health/calories-burned-calculator","health","/health/calories-burned-calculator","src/app/health/calories-burned-calculator/page.tsx"
"builtin-page","health/cycling-power-calculator","health","/health/cycling-power-calculator","src/app/health/cycling-power-calculator/page.tsx"
"builtin-page","health/glucose-converter","health","/health/glucose-converter","src/app/health/glucose-converter/page.tsx"
"builtin-page","health/golf-handicap-calculator","health","/health/golf-handicap-calculator","src/app/health/golf-handicap-calculator/page.tsx"
"builtin-page","health/ideal-weight-calculator","health","/health/ideal-weight-calculator","src/app/health/ideal-weight-calculator/page.tsx"
"builtin-page","health/intermittent-fasting-calculator","health","/health/intermittent-fasting-calculator","src/app/health/intermittent-fasting-calculator/page.tsx"
"builtin-page","health/macro-calculator","health","/health/macro-calculator","src/app/health/macro-calculator/page.tsx"
"builtin-page","health/marathon-predictor-calculator","health","/health/marathon-predictor-calculator","src/app/health/marathon-predictor-calculator/page.tsx"
"builtin-page","health/one-rep-max-calculator","health","/health/one-rep-max-calculator","src/app/health/one-rep-max-calculator/page.tsx"
"builtin-page","health/ovulation-calculator","health","/health/ovulation-calculator","src/app/health/ovulation-calculator/page.tsx"
"builtin-page","health/pregnancy-due-date-calculator","health","/health/pregnancy-due-date-calculator","src/app/health/pregnancy-due-date-calculator/page.tsx"
"builtin-page","health/running-pace-calculator","health","/health/running-pace-calculator","src/app/health/running-pace-calculator/page.tsx"
"builtin-page","health/sleep-calculator","health","/health/sleep-calculator","src/app/health/sleep-calculator/page.tsx"
"builtin-page","health/swim-pace-calculator","health","/health/swim-pace-calculator","src/app/health/swim-pace-calculator/page.tsx"
"builtin-page","health/vo2-max-calculator","health","/health/vo2-max-calculator","src/app/health/vo2-max-calculator/page.tsx"
"builtin-page","health/waist-to-hip-calculator","health","/health/waist-to-hip-calculator","src/app/health/waist-to-hip-calculator/page.tsx"
"builtin-page","health/water-intake-calculator","health","/health/water-intake-calculator","src/app/health/water-intake-calculator/page.tsx"
"builtin-page","real-estate/cap-rate-calculator","real-estate","/real-estate/cap-rate-calculator","src/app/real-estate/cap-rate-calculator/page.tsx"
"builtin-page","real-estate/closing-costs-calculator","real-estate","/real-estate/closing-costs-calculator","src/app/real-estate/closing-costs-calculator/page.tsx"
"builtin-page","real-estate/down-payment-calculator","real-estate","/real-estate/down-payment-calculator","src/app/real-estate/down-payment-calculator/page.tsx"
"builtin-page","real-estate/dubai-mortgage-registration-calculator","real-estate","/real-estate/dubai-mortgage-registration-calculator","src/app/real-estate/dubai-mortgage-registration-calculator/page.tsx"
"builtin-page","real-estate/dubai-property-transfer-fee-calculator","real-estate","/real-estate/dubai-property-transfer-fee-calculator","src/app/real-estate/dubai-property-transfer-fee-calculator/page.tsx"
"builtin-page","real-estate/dubai-service-charge-calculator","real-estate","/real-estate/dubai-service-charge-calculator","src/app/real-estate/dubai-service-charge-calculator/page.tsx"
"builtin-page","real-estate/home-buying-budget-calculator","real-estate","/real-estate/home-buying-budget-calculator","src/app/real-estate/home-buying-budget-calculator/page.tsx"
"builtin-page","real-estate/hong-kong-stamp-duty-calculator","real-estate","/real-estate/hong-kong-stamp-duty-calculator","src/app/real-estate/hong-kong-stamp-duty-calculator/page.tsx"
"builtin-page","real-estate/lease-escalation-calculator","real-estate","/real-estate/lease-escalation-calculator","src/app/real-estate/lease-escalation-calculator/page.tsx"
"builtin-page","real-estate/mortgage-refinance-calculator","real-estate","/real-estate/mortgage-refinance-calculator","src/app/real-estate/mortgage-refinance-calculator/page.tsx"
"builtin-page","real-estate/nyc-transfer-tax-calculator","real-estate","/real-estate/nyc-transfer-tax-calculator","src/app/real-estate/nyc-transfer-tax-calculator/page.tsx"
"builtin-page","real-estate/price-per-square-foot-calculator","real-estate","/real-estate/price-per-square-foot-calculator","src/app/real-estate/price-per-square-foot-calculator/page.tsx"
"builtin-page","real-estate/property-management-fee-calculator","real-estate","/real-estate/property-management-fee-calculator","src/app/real-estate/property-management-fee-calculator/page.tsx"
"builtin-page","real-estate/rent-affordability-calculator","real-estate","/real-estate/rent-affordability-calculator","src/app/real-estate/rent-affordability-calculator/page.tsx"
"builtin-page","real-estate/rent-vs-buy-calculator","real-estate","/real-estate/rent-vs-buy-calculator","src/app/real-estate/rent-vs-buy-calculator/page.tsx"
"builtin-page","real-estate/rental-cash-flow-calculator","real-estate","/real-estate/rental-cash-flow-calculator","src/app/real-estate/rental-cash-flow-calculator/page.tsx"
"builtin-page","real-estate/rental-yield-calculator","real-estate","/real-estate/rental-yield-calculator","src/app/real-estate/rental-yield-calculator/page.tsx"
"builtin-page","real-estate/scotland-lbtt-calculator","real-estate","/real-estate/scotland-lbtt-calculator","src/app/real-estate/scotland-lbtt-calculator/page.tsx"
"builtin-page","real-estate/security-deposit-calculator","real-estate","/real-estate/security-deposit-calculator","src/app/real-estate/security-deposit-calculator/page.tsx"
"builtin-page","real-estate/singapore-buyers-stamp-duty-calculator","real-estate","/real-estate/singapore-buyers-stamp-duty-calculator","src/app/real-estate/singapore-buyers-stamp-duty-calculator/page.tsx"
"builtin-page","real-estate/singapore-property-stamp-duty-calculator","real-estate","/real-estate/singapore-property-stamp-duty-calculator","src/app/real-estate/singapore-property-stamp-duty-calculator/page.tsx"
"builtin-page","real-estate/singapore-sellers-stamp-duty-calculator","real-estate","/real-estate/singapore-sellers-stamp-duty-calculator","src/app/real-estate/singapore-sellers-stamp-duty-calculator/page.tsx"
"builtin-page","real-estate/stamp-duty-calculator","real-estate","/real-estate/stamp-duty-calculator","src/app/real-estate/stamp-duty-calculator/page.tsx"
"builtin-page","real-estate/uk-stamp-duty-calculator","real-estate","/real-estate/uk-stamp-duty-calculator","src/app/real-estate/uk-stamp-duty-calculator/page.tsx"
"builtin-page","real-estate/wales-ltt-calculator","real-estate","/real-estate/wales-ltt-calculator","src/app/real-estate/wales-ltt-calculator/page.tsx"
"builtin-page","construction/brick-block-quantity-calculator","construction","/construction/brick-block-quantity-calculator","src/app/construction/brick-block-quantity-calculator/page.tsx"
"builtin-page","construction/concrete-volume-calculator","construction","/construction/concrete-volume-calculator","src/app/construction/concrete-volume-calculator/page.tsx"
"builtin-page","construction/fence-material-calculator","construction","/construction/fence-material-calculator","src/app/construction/fence-material-calculator/page.tsx"
"builtin-page","construction/flooring-material-calculator","construction","/construction/flooring-material-calculator","src/app/construction/flooring-material-calculator/page.tsx"
"builtin-page","construction/gravel-mulch-volume-calculator","construction","/construction/gravel-mulch-volume-calculator","src/app/construction/gravel-mulch-volume-calculator/page.tsx"
"builtin-page","construction/paint-coverage-calculator","construction","/construction/paint-coverage-calculator","src/app/construction/paint-coverage-calculator/page.tsx"
"builtin-page","construction/roofing-material-calculator","construction","/construction/roofing-material-calculator","src/app/construction/roofing-material-calculator/page.tsx"
"builtin-page","construction/room-area-calculator","construction","/construction/room-area-calculator","src/app/construction/room-area-calculator/page.tsx"
"builtin-page","construction/staircase-calculator","construction","/construction/staircase-calculator","src/app/construction/staircase-calculator/page.tsx"
"builtin-page","construction/wallpaper-calculator","construction","/construction/wallpaper-calculator","src/app/construction/wallpaper-calculator/page.tsx"
"builtin-page","text/ascii-art-generator","text","/text/ascii-art-generator","src/app/text/ascii-art-generator/page.tsx"
"builtin-page","text/binary-code-translator","text","/text/binary-code-translator","src/app/text/binary-code-translator/page.tsx"
"builtin-page","text/case-converter","text","/text/case-converter","src/app/text/case-converter/page.tsx"
"builtin-page","text/character-counter","text","/text/character-counter","src/app/text/character-counter/page.tsx"
"builtin-page","text/duplicate-word-finder","text","/text/duplicate-word-finder","src/app/text/duplicate-word-finder/page.tsx"
"builtin-page","text/em-dash-remover","text","/text/em-dash-remover","src/app/text/em-dash-remover/page.tsx"
"builtin-page","text/morse-code-translator","text","/text/morse-code-translator","src/app/text/morse-code-translator/page.tsx"
"builtin-page","text/remove-duplicate-lines","text","/text/remove-duplicate-lines","src/app/text/remove-duplicate-lines/page.tsx"
"builtin-page","text/reverse-text-generator","text","/text/reverse-text-generator","src/app/text/reverse-text-generator/page.tsx"
"builtin-page","text/strikethrough-text","text","/text/strikethrough-text","src/app/text/strikethrough-text/page.tsx"
"builtin-page","text/voice-dictation","text","/text/voice-dictation","src/app/text/voice-dictation/page.tsx"
"builtin-page","text/word-cloud-generator","text","/text/word-cloud-generator","src/app/text/word-cloud-generator/page.tsx"
"builtin-page","text/word-frequency","text","/text/word-frequency","src/app/text/word-frequency/page.tsx"
"builtin-page","utility/age-calculator","utility","/utility/age-calculator","src/app/utility/age-calculator/page.tsx"
"builtin-page","utility/barcode-generator","utility","/utility/barcode-generator","src/app/utility/barcode-generator/page.tsx"
"builtin-page","utility/barcode-scanner","utility","/utility/barcode-scanner","src/app/utility/barcode-scanner/page.tsx"
"builtin-page","utility/bmi-calculator","utility","/utility/bmi-calculator","src/app/utility/bmi-calculator/page.tsx"
"builtin-page","utility/dns-checker","utility","/utility/dns-checker","src/app/utility/dns-checker/page.tsx"
"builtin-page","utility/free-cv-resume-builder","utility","/utility/free-cv-resume-builder","src/app/utility/free-cv-resume-builder/page.tsx"
"builtin-page","utility/jwt-decoder","utility","/utility/jwt-decoder","src/app/utility/jwt-decoder/page.tsx"
"builtin-page","utility/logarithm-calculator","utility","/utility/logarithm-calculator","src/app/utility/logarithm-calculator/page.tsx"
"builtin-page","utility/meta-tags-generator","utility","/utility/meta-tags-generator","src/app/utility/meta-tags-generator/page.tsx"
"builtin-page","utility/pomodoro-timer","utility","/utility/pomodoro-timer","src/app/utility/pomodoro-timer/page.tsx"
"builtin-page","utility/probability-calculator","utility","/utility/probability-calculator","src/app/utility/probability-calculator/page.tsx"
"builtin-page","utility/qr-code-generator","utility","/utility/qr-code-generator","src/app/utility/qr-code-generator/page.tsx"
"builtin-page","utility/qr-code-scanner","utility","/utility/qr-code-scanner","src/app/utility/qr-code-scanner/page.tsx"
"builtin-page","utility/quadratic-equation-solver","utility","/utility/quadratic-equation-solver","src/app/utility/quadratic-equation-solver/page.tsx"
"builtin-page","utility/robots-txt-generator","utility","/utility/robots-txt-generator","src/app/utility/robots-txt-generator/page.tsx"
"builtin-page","utility/scientific-calculator","utility","/utility/scientific-calculator","src/app/utility/scientific-calculator/page.tsx"
"builtin-page","utility/sitemap-generator","utility","/utility/sitemap-generator","src/app/utility/sitemap-generator/page.tsx"
"builtin-page","utility/statistics-calculator","utility","/utility/statistics-calculator","src/app/utility/statistics-calculator/page.tsx"
"builtin-page","utility/tip-calculator","utility","/utility/tip-calculator","src/app/utility/tip-calculator/page.tsx"
"builtin-page","utility/utm-link-builder","utility","/utility/utm-link-builder","src/app/utility/utm-link-builder/page.tsx"
"builtin-page","utility/xg-expected-goals-calculator","utility","/utility/xg-expected-goals-calculator","src/app/utility/xg-expected-goals-calculator/page.tsx"
"builtin-page","image/ai-background-remover","image","/image/ai-background-remover","src/app/image/ai-background-remover/page.tsx"
"builtin-page","ai/ai-humanizer","ai","/ai/ai-humanizer","src/app/ai/ai-humanizer/page.tsx"
"builtin-page","sport/football-lineup-builder","sport","/sport/football-lineup-builder","src/app/sport/football-lineup-builder/page.tsx"
"free-tool-registry","/utility/xg-expected-goals-calculator","Utility","/utility/xg-expected-goals-calculator","src/lib/tools/registry.ts"
"free-tool-registry","/utility/free-social-media-carousel-builder","Utility","/utility/free-social-media-carousel-builder","src/lib/tools/registry.ts"
"free-tool-registry","/ai/ai-humanizer","AI","/ai/ai-humanizer","src/lib/tools/registry.ts"
"free-tool-registry","/finance/salary-calculator","Finance","/finance/salary-calculator","src/lib/tools/registry.ts"
"free-tool-registry","/finance/uae-salary-calculator","Finance","/finance/uae-salary-calculator","src/lib/tools/registry.ts"
"free-tool-registry","/finance/uae-gratuity-calculator","Finance","/finance/uae-gratuity-calculator","src/lib/tools/registry.ts"
"free-tool-registry","/finance/uae-visa-cost-calculator","Finance","/finance/uae-visa-cost-calculator","src/lib/tools/registry.ts"
"free-tool-registry","/finance/mortgage-calculator","Finance","/finance/mortgage-calculator","src/lib/tools/registry.ts"
"free-tool-registry","/finance/dti-calculator","Finance","/finance/dti-calculator","src/lib/tools/registry.ts"
"free-tool-registry","/finance/emi-calculator","Finance","/finance/emi-calculator","src/lib/tools/registry.ts"
"free-tool-registry","/finance/car-loan-calculator","Finance","/finance/car-loan-calculator","src/lib/tools/registry.ts"
"free-tool-registry","/finance/credit-card-payoff-calculator","Finance","/finance/credit-card-payoff-calculator","src/lib/tools/registry.ts"
"free-tool-registry","/finance/discount-calculator","Finance","/finance/discount-calculator","src/lib/tools/registry.ts"
"free-tool-registry","/finance/vat-calculator","Finance","/finance/vat-calculator","src/lib/tools/registry.ts"
"free-tool-registry","/finance/gst-calculator","Finance","/finance/gst-calculator","src/lib/tools/registry.ts"
"free-tool-registry","/finance/profit-margin-calculator","Finance","/finance/profit-margin-calculator","src/lib/tools/registry.ts"
"free-tool-registry","/finance/compound-interest-calculator","Finance","/finance/compound-interest-calculator","src/lib/tools/registry.ts"
"free-tool-registry","/finance/savings-goal-calculator","Finance","/finance/savings-goal-calculator","src/lib/tools/registry.ts"
"free-tool-registry","/finance/percentage-calculator","Finance","/finance/percentage-calculator","src/lib/tools/registry.ts"
"free-tool-registry","/finance/click-through-rate-calculator","Finance","/finance/click-through-rate-calculator","src/lib/tools/registry.ts"
"free-tool-registry","/finance/cpc-cpm-calculator","Finance","/finance/cpc-cpm-calculator","src/lib/tools/registry.ts"
"free-tool-registry","/finance/roi-calculator","Finance","/finance/roi-calculator","src/lib/tools/registry.ts"
"free-tool-registry","/finance/foreign-exchange-fee-calculator","Finance","/finance/foreign-exchange-fee-calculator","src/lib/tools/registry.ts"
"free-tool-registry","/finance/loan-payoff-calculator","Finance","/finance/loan-payoff-calculator","src/lib/tools/registry.ts"
"free-tool-registry","/finance/net-worth-calculator","Finance","/finance/net-worth-calculator","src/lib/tools/registry.ts"
"free-tool-registry","/finance/budget-planner","Finance","/finance/budget-planner","src/lib/tools/registry.ts"
"free-tool-registry","/finance/freelancer-rate-calculator","Finance","/finance/freelancer-rate-calculator","src/lib/tools/registry.ts"
"free-tool-registry","/finance/payroll-tax-calculator","Finance","/finance/payroll-tax-calculator","src/lib/tools/registry.ts"
"free-tool-registry","/finance/employee-cost-calculator","Finance","/finance/employee-cost-calculator","src/lib/tools/registry.ts"
"free-tool-registry","/finance/churn-rate-calculator","Finance","/finance/churn-rate-calculator","src/lib/tools/registry.ts"
"free-tool-registry","/finance/customer-lifetime-value-calculator","Finance","/finance/customer-lifetime-value-calculator","src/lib/tools/registry.ts"
"free-tool-registry","/finance/invoice-generator","Finance","/finance/invoice-generator","src/lib/tools/registry.ts"
"free-tool-registry","/finance/salary-to-hourly-calculator","Finance","/finance/salary-to-hourly-calculator","src/lib/tools/registry.ts"
"free-tool-registry","/real-estate/rental-yield-calculator","Real Estate","/real-estate/rental-yield-calculator","src/lib/tools/registry.ts"
"free-tool-registry","/real-estate/cap-rate-calculator","Real Estate","/real-estate/cap-rate-calculator","src/lib/tools/registry.ts"
"free-tool-registry","/real-estate/rent-affordability-calculator","Real Estate","/real-estate/rent-affordability-calculator","src/lib/tools/registry.ts"
"free-tool-registry","/real-estate/closing-costs-calculator","Real Estate","/real-estate/closing-costs-calculator","src/lib/tools/registry.ts"
"free-tool-registry","/real-estate/price-per-square-foot-calculator","Real Estate","/real-estate/price-per-square-foot-calculator","src/lib/tools/registry.ts"
"free-tool-registry","/real-estate/rent-vs-buy-calculator","Real Estate","/real-estate/rent-vs-buy-calculator","src/lib/tools/registry.ts"
"free-tool-registry","/utility/bmi-calculator","Utility","/utility/bmi-calculator","src/lib/tools/registry.ts"
"free-tool-registry","/utility/age-calculator","Utility","/utility/age-calculator","src/lib/tools/registry.ts"
"free-tool-registry","/utility/tip-calculator","Utility","/utility/tip-calculator","src/lib/tools/registry.ts"
"free-tool-registry","/utility/free-cv-resume-builder","Utility","/utility/free-cv-resume-builder","src/lib/tools/registry.ts"
"free-tool-registry","/utility/robots-txt-generator","Utility","/utility/robots-txt-generator","src/lib/tools/registry.ts"
"free-tool-registry","/utility/sitemap-generator","Utility","/utility/sitemap-generator","src/lib/tools/registry.ts"
"free-tool-registry","/utility/jwt-decoder","Utility","/utility/jwt-decoder","src/lib/tools/registry.ts"
"free-tool-registry","/utility/scientific-calculator","Utility","/utility/scientific-calculator","src/lib/tools/registry.ts"
"free-tool-registry","/utility/quadratic-equation-solver","Utility","/utility/quadratic-equation-solver","src/lib/tools/registry.ts"
"free-tool-registry","/utility/statistics-calculator","Utility","/utility/statistics-calculator","src/lib/tools/registry.ts"
"free-tool-registry","/utility/probability-calculator","Utility","/utility/probability-calculator","src/lib/tools/registry.ts"
"free-tool-registry","/utility/logarithm-calculator","Utility","/utility/logarithm-calculator","src/lib/tools/registry.ts"
"free-tool-registry","/utility/utm-link-builder","Utility","/utility/utm-link-builder","src/lib/tools/registry.ts"
"free-tool-registry","/utility/qr-code-generator","Utility","/utility/qr-code-generator","src/lib/tools/registry.ts"
"free-tool-registry","/utility/barcode-generator","Utility","/utility/barcode-generator","src/lib/tools/registry.ts"
"free-tool-registry","/utility/qr-code-scanner","Utility","/utility/qr-code-scanner","src/lib/tools/registry.ts"
"free-tool-registry","/utility/barcode-scanner","Utility","/utility/barcode-scanner","src/lib/tools/registry.ts"
"free-tool-registry","/utility/pomodoro-timer","Utility","/utility/pomodoro-timer","src/lib/tools/registry.ts"
"free-tool-registry","/text/voice-dictation","Text","/text/voice-dictation","src/lib/tools/registry.ts"
"free-tool-registry","/utility/meta-tags-generator","Utility","/utility/meta-tags-generator","src/lib/tools/registry.ts"
"free-tool-registry","/real-estate/down-payment-calculator","Real Estate","/real-estate/down-payment-calculator","src/lib/tools/registry.ts"
"free-tool-registry","/real-estate/mortgage-refinance-calculator","Real Estate","/real-estate/mortgage-refinance-calculator","src/lib/tools/registry.ts"
"free-tool-registry","/real-estate/rental-cash-flow-calculator","Real Estate","/real-estate/rental-cash-flow-calculator","src/lib/tools/registry.ts"
"free-tool-registry","/real-estate/home-buying-budget-calculator","Real Estate","/real-estate/home-buying-budget-calculator","src/lib/tools/registry.ts"
"free-tool-registry","/real-estate/lease-escalation-calculator","Real Estate","/real-estate/lease-escalation-calculator","src/lib/tools/registry.ts"
"free-tool-registry","/real-estate/security-deposit-calculator","Real Estate","/real-estate/security-deposit-calculator","src/lib/tools/registry.ts"
"free-tool-registry","/real-estate/property-management-fee-calculator","Real Estate","/real-estate/property-management-fee-calculator","src/lib/tools/registry.ts"
"free-tool-registry","/real-estate/stamp-duty-calculator","Real Estate","/real-estate/stamp-duty-calculator","src/lib/tools/registry.ts"
"free-tool-registry","/real-estate/uk-stamp-duty-calculator","Real Estate","/real-estate/uk-stamp-duty-calculator","src/lib/tools/registry.ts"
"free-tool-registry","/real-estate/singapore-property-stamp-duty-calculator","Real Estate","/real-estate/singapore-property-stamp-duty-calculator","src/lib/tools/registry.ts"
"free-tool-registry","/real-estate/singapore-buyers-stamp-duty-calculator","Real Estate","/real-estate/singapore-buyers-stamp-duty-calculator","src/lib/tools/registry.ts"
"free-tool-registry","/real-estate/singapore-sellers-stamp-duty-calculator","Real Estate","/real-estate/singapore-sellers-stamp-duty-calculator","src/lib/tools/registry.ts"
"free-tool-registry","/real-estate/nyc-transfer-tax-calculator","Real Estate","/real-estate/nyc-transfer-tax-calculator","src/lib/tools/registry.ts"
"free-tool-registry","/real-estate/dubai-property-transfer-fee-calculator","Real Estate","/real-estate/dubai-property-transfer-fee-calculator","src/lib/tools/registry.ts"
"free-tool-registry","/real-estate/scotland-lbtt-calculator","Real Estate","/real-estate/scotland-lbtt-calculator","src/lib/tools/registry.ts"
"free-tool-registry","/real-estate/wales-ltt-calculator","Real Estate","/real-estate/wales-ltt-calculator","src/lib/tools/registry.ts"
"free-tool-registry","/real-estate/hong-kong-stamp-duty-calculator","Real Estate","/real-estate/hong-kong-stamp-duty-calculator","src/lib/tools/registry.ts"
"free-tool-registry","/real-estate/dubai-mortgage-registration-calculator","Real Estate","/real-estate/dubai-mortgage-registration-calculator","src/lib/tools/registry.ts"
"free-tool-registry","/real-estate/dubai-service-charge-calculator","Real Estate","/real-estate/dubai-service-charge-calculator","src/lib/tools/registry.ts"
"free-tool-registry","/text/word-frequency","Text","/text/word-frequency","src/lib/tools/registry.ts"
"free-tool-registry","/text/character-counter","Text","/text/character-counter","src/lib/tools/registry.ts"
"free-tool-registry","/text/case-converter","Text","/text/case-converter","src/lib/tools/registry.ts"
"free-tool-registry","/text/duplicate-word-finder","Text","/text/duplicate-word-finder","src/lib/tools/registry.ts"
"free-tool-registry","/text/em-dash-remover","Text","/text/em-dash-remover","src/lib/tools/registry.ts"
"free-tool-registry","/text/strikethrough-text","Text","/text/strikethrough-text","src/lib/tools/registry.ts"
"free-tool-registry","/text/reverse-text-generator","Text","/text/reverse-text-generator","src/lib/tools/registry.ts"
"free-tool-registry","/text/morse-code-translator","Text","/text/morse-code-translator","src/lib/tools/registry.ts"
"free-tool-registry","/text/binary-code-translator","Text","/text/binary-code-translator","src/lib/tools/registry.ts"
"free-tool-registry","/text/ascii-art-generator","Text","/text/ascii-art-generator","src/lib/tools/registry.ts"
"free-tool-registry","/text/convert-image-to-text","Text","/text/convert-image-to-text","src/lib/tools/registry.ts"
"free-tool-registry","/text/word-cloud-generator","Text","/text/word-cloud-generator","src/lib/tools/registry.ts"
"free-tool-registry","/text/remove-duplicate-lines","Text","/text/remove-duplicate-lines","src/lib/tools/registry.ts"
"free-tool-registry","/construction/concrete-volume-calculator","Construction","/construction/concrete-volume-calculator","src/lib/tools/registry.ts"
"free-tool-registry","/construction/paint-coverage-calculator","Construction","/construction/paint-coverage-calculator","src/lib/tools/registry.ts"
"free-tool-registry","/construction/flooring-material-calculator","Construction","/construction/flooring-material-calculator","src/lib/tools/registry.ts"
"free-tool-registry","/construction/roofing-material-calculator","Construction","/construction/roofing-material-calculator","src/lib/tools/registry.ts"
"free-tool-registry","/construction/brick-block-quantity-calculator","Construction","/construction/brick-block-quantity-calculator","src/lib/tools/registry.ts"
"free-tool-registry","/construction/wallpaper-calculator","Construction","/construction/wallpaper-calculator","src/lib/tools/registry.ts"
"free-tool-registry","/construction/gravel-mulch-volume-calculator","Construction","/construction/gravel-mulch-volume-calculator","src/lib/tools/registry.ts"
"free-tool-registry","/construction/room-area-calculator","Construction","/construction/room-area-calculator","src/lib/tools/registry.ts"
"free-tool-registry","/construction/fence-material-calculator","Construction","/construction/fence-material-calculator","src/lib/tools/registry.ts"
"free-tool-registry","/construction/staircase-calculator","Construction","/construction/staircase-calculator","src/lib/tools/registry.ts"
"free-tool-registry","/health/bmr-calculator","Health","/health/bmr-calculator","src/lib/tools/registry.ts"
"free-tool-registry","/health/calorie-calculator","Health","/health/calorie-calculator","src/lib/tools/registry.ts"
"free-tool-registry","/health/macro-calculator","Health","/health/macro-calculator","src/lib/tools/registry.ts"
"free-tool-registry","/health/ideal-weight-calculator","Health","/health/ideal-weight-calculator","src/lib/tools/registry.ts"
"free-tool-registry","/health/body-fat-calculator","Health","/health/body-fat-calculator","src/lib/tools/registry.ts"
"free-tool-registry","/health/waist-to-hip-calculator","Health","/health/waist-to-hip-calculator","src/lib/tools/registry.ts"
"free-tool-registry","/health/water-intake-calculator","Health","/health/water-intake-calculator","src/lib/tools/registry.ts"
"free-tool-registry","/health/blood-pressure-calculator","Health","/health/blood-pressure-calculator","src/lib/tools/registry.ts"
"free-tool-registry","/health/glucose-converter","Health","/health/glucose-converter","src/lib/tools/registry.ts"
"free-tool-registry","/health/caffeine-calculator","Health","/health/caffeine-calculator","src/lib/tools/registry.ts"
"free-tool-registry","/health/pregnancy-due-date-calculator","Health","/health/pregnancy-due-date-calculator","src/lib/tools/registry.ts"
"free-tool-registry","/health/ovulation-calculator","Health","/health/ovulation-calculator","src/lib/tools/registry.ts"
"free-tool-registry","/health/sleep-calculator","Health","/health/sleep-calculator","src/lib/tools/registry.ts"
"free-tool-registry","/health/intermittent-fasting-calculator","Health","/health/intermittent-fasting-calculator","src/lib/tools/registry.ts"
"free-tool-registry","/health/one-rep-max-calculator","Health","/health/one-rep-max-calculator","src/lib/tools/registry.ts"
"free-tool-registry","/health/running-pace-calculator","Health","/health/running-pace-calculator","src/lib/tools/registry.ts"
"free-tool-registry","/health/vo2-max-calculator","Health","/health/vo2-max-calculator","src/lib/tools/registry.ts"
"free-tool-registry","/health/swim-pace-calculator","Health","/health/swim-pace-calculator","src/lib/tools/registry.ts"
"free-tool-registry","/health/cycling-power-calculator","Health","/health/cycling-power-calculator","src/lib/tools/registry.ts"
"free-tool-registry","/health/marathon-predictor-calculator","Health","/health/marathon-predictor-calculator","src/lib/tools/registry.ts"
"free-tool-registry","/health/calories-burned-calculator","Health","/health/calories-burned-calculator","src/lib/tools/registry.ts"
"free-tool-registry","/health/age-grading-calculator","Health","/health/age-grading-calculator","src/lib/tools/registry.ts"
"free-tool-registry","/health/golf-handicap-calculator","Health","/health/golf-handicap-calculator","src/lib/tools/registry.ts"
"free-tool-registry","/pdf/merge-pdf","PDF","/pdf/merge-pdf","src/lib/tools/registry.ts"
"free-tool-registry","/pdf/split-pdf","PDF","/pdf/split-pdf","src/lib/tools/registry.ts"
"free-tool-registry","/pdf/remove-pages","PDF","/pdf/remove-pages","src/lib/tools/registry.ts"
"free-tool-registry","/pdf/extract-pages","PDF","/pdf/extract-pages","src/lib/tools/registry.ts"
"free-tool-registry","/pdf/rotate-pdf","PDF","/pdf/rotate-pdf","src/lib/tools/registry.ts"
"free-tool-registry","/pdf/add-page-numbers","PDF","/pdf/add-page-numbers","src/lib/tools/registry.ts"
"free-tool-registry","/pdf/add-watermark","PDF","/pdf/add-watermark","src/lib/tools/registry.ts"
"free-tool-registry","/pdf/convert-jpg-to-pdf","PDF","/pdf/convert-jpg-to-pdf","src/lib/tools/registry.ts"
"free-tool-registry","/pdf/protect-pdf","PDF","/pdf/protect-pdf","src/lib/tools/registry.ts"
"free-tool-registry","/pdf/unlock-pdf","PDF","/pdf/unlock-pdf","src/lib/tools/registry.ts"
"free-tool-registry","/pdf/organize-pdf","PDF","/pdf/organize-pdf","src/lib/tools/registry.ts"
"free-tool-registry","/pdf/crop-pdf","PDF","/pdf/crop-pdf","src/lib/tools/registry.ts"
"free-tool-registry","/pdf/sign-pdf","PDF","/pdf/sign-pdf","src/lib/tools/registry.ts"
"free-tool-registry","/pdf/compress-pdf","PDF","/pdf/compress-pdf","src/lib/tools/registry.ts"
"free-tool-registry","/pdf/convert-html-to-pdf","PDF","/pdf/convert-html-to-pdf","src/lib/tools/registry.ts"
"free-tool-registry","/pdf/compare-pdf","PDF","/pdf/compare-pdf","src/lib/tools/registry.ts"
"free-tool-registry","/pdf/convert-word-to-pdf","PDF","/pdf/convert-word-to-pdf","src/lib/tools/registry.ts"
"free-tool-registry","/pdf/convert-powerpoint-to-pdf","PDF","/pdf/convert-powerpoint-to-pdf","src/lib/tools/registry.ts"
"free-tool-registry","/pdf/convert-excel-to-pdf","PDF","/pdf/convert-excel-to-pdf","src/lib/tools/registry.ts"
"free-tool-registry","/pdf/convert-pdf-to-pdfa","PDF","/pdf/convert-pdf-to-pdfa","src/lib/tools/registry.ts"
"free-tool-registry","/image/ai-background-remover","Image","/image/ai-background-remover","src/lib/tools/registry.ts"
"free-tool-registry","/image/random-color-generator","Image","/image/random-color-generator","src/lib/tools/registry.ts"
"free-tool-registry","/image/convert-image-to-base64","Image","/image/convert-image-to-base64","src/lib/tools/registry.ts"
"free-tool-registry","/image/image-colors-inverter","Image","/image/image-colors-inverter","src/lib/tools/registry.ts"
"free-tool-registry","/image/flip-image-online","Image","/image/flip-image-online","src/lib/tools/registry.ts"
"free-tool-registry","/image/image-cropper-resizer","Image","/image/image-cropper-resizer","src/lib/tools/registry.ts"
"free-tool-registry","/image/image-compressor","Image","/image/image-compressor","src/lib/tools/registry.ts"
"free-tool-registry","/image/image-watermark","Image","/image/image-watermark","src/lib/tools/registry.ts"
"free-tool-registry","/image/image-pixelator","Image","/image/image-pixelator","src/lib/tools/registry.ts"
"free-tool-registry","/image/image-blur-pixelate","Image","/image/image-blur-pixelate","src/lib/tools/registry.ts"
"free-tool-registry","/image/paste-image-to-download","Image","/image/paste-image-to-download","src/lib/tools/registry.ts"
"free-tool-registry","/image/trim-transparent-pixels","Image","/image/trim-transparent-pixels","src/lib/tools/registry.ts"
"free-tool-registry","/image/add-borders-to-image","Image","/image/add-borders-to-image","src/lib/tools/registry.ts"
"free-tool-registry","/image/split-images-online","Image","/image/split-images-online","src/lib/tools/registry.ts"
"free-tool-registry","/image/merge-images-online","Image","/image/merge-images-online","src/lib/tools/registry.ts"
"free-tool-registry","/image/pixel-art-converter","Image","/image/pixel-art-converter","src/lib/tools/registry.ts"
"free-tool-registry","/image/convert-image-to-ascii-converter","Image","/image/convert-image-to-ascii-converter","src/lib/tools/registry.ts"
"free-tool-registry","/image/online-collage-maker","Image","/image/online-collage-maker","src/lib/tools/registry.ts"
"free-tool-registry","/image/laser-eyes-meme-generator","Image","/image/laser-eyes-meme-generator","src/lib/tools/registry.ts"
"free-tool-registry","/image/image-exif-viewer-metadata-remover","Image","/image/image-exif-viewer-metadata-remover","src/lib/tools/registry.ts"
"free-tool-registry","/image/website-color-palette-extractor","Image","/image/website-color-palette-extractor","src/lib/tools/registry.ts"
"free-tool-registry","/image/website-screenshot-tool","Image","/image/website-screenshot-tool","src/lib/tools/registry.ts"
"free-tool-registry","/image/convert-jpg-to-png","Image","/image/convert-jpg-to-png","src/lib/tools/registry.ts"
"free-tool-registry","/image/convert-png-to-jpg","Image","/image/convert-png-to-jpg","src/lib/tools/registry.ts"
"free-tool-registry","/image/convert-jpg-to-webp","Image","/image/convert-jpg-to-webp","src/lib/tools/registry.ts"
"free-tool-registry","/image/convert-webp-to-jpg","Image","/image/convert-webp-to-jpg","src/lib/tools/registry.ts"
"free-tool-registry","/image/convert-png-to-webp","Image","/image/convert-png-to-webp","src/lib/tools/registry.ts"
"free-tool-registry","/image/convert-webp-to-png","Image","/image/convert-webp-to-png","src/lib/tools/registry.ts"
"free-tool-registry","/image/convert-tiff-to-jpg","Image","/image/convert-tiff-to-jpg","src/lib/tools/registry.ts"
"free-tool-registry","/image/convert-jpg-to-tiff","Image","/image/convert-jpg-to-tiff","src/lib/tools/registry.ts"
"free-tool-registry","/image/convert-gif-to-jpg","Image","/image/convert-gif-to-jpg","src/lib/tools/registry.ts"
"free-tool-registry","/image/convert-gif-to-png","Image","/image/convert-gif-to-png","src/lib/tools/registry.ts"
"free-tool-registry","/image/convert-bmp-to-jpg","Image","/image/convert-bmp-to-jpg","src/lib/tools/registry.ts"
"free-tool-registry","/image/convert-bmp-to-png","Image","/image/convert-bmp-to-png","src/lib/tools/registry.ts"
"free-tool-registry","/image/convert-bmp-to-webp","Image","/image/convert-bmp-to-webp","src/lib/tools/registry.ts"
"free-tool-registry","/image/convert-bmp-to-tiff","Image","/image/convert-bmp-to-tiff","src/lib/tools/registry.ts"
"free-tool-registry","/image/convert-heic-to-jpg","Image","/image/convert-heic-to-jpg","src/lib/tools/registry.ts"
"free-tool-registry","/image/convert-heic-to-png","Image","/image/convert-heic-to-png","src/lib/tools/registry.ts"
"free-tool-registry","/image/convert-avif-to-jpg","Image","/image/convert-avif-to-jpg","src/lib/tools/registry.ts"
"free-tool-registry","/image/convert-avif-to-png","Image","/image/convert-avif-to-png","src/lib/tools/registry.ts"
"free-tool-registry","/image/convert-psd-to-jpg","Image","/image/convert-psd-to-jpg","src/lib/tools/registry.ts"
"free-tool-registry","/image/convert-psd-to-png","Image","/image/convert-psd-to-png","src/lib/tools/registry.ts"
"free-tool-registry","/image/convert-eps-to-png","Image","/image/convert-eps-to-png","src/lib/tools/registry.ts"
"free-tool-registry","/image/convert-eps-to-jpg","Image","/image/convert-eps-to-jpg","src/lib/tools/registry.ts"
"free-tool-registry","/tailwind/colors","Tailwind","/tailwind/colors","src/lib/tools/registry.ts"
"free-tool-registry","/tailwind/gradient-generator","Tailwind","/tailwind/gradient-generator","src/lib/tools/registry.ts"
"free-tool-registry","/tailwind/shadow-generator","Tailwind","/tailwind/shadow-generator","src/lib/tools/registry.ts"
"free-tool-registry","/tailwind/button-generator","Tailwind","/tailwind/button-generator","src/lib/tools/registry.ts"
"free-tool-registry","/tailwind/convert-css-to-tailwind","Tailwind","/tailwind/convert-css-to-tailwind","src/lib/tools/registry.ts"
"free-tool-registry","/tailwind/convert-tailwind-to-css","Tailwind","/tailwind/convert-tailwind-to-css","src/lib/tools/registry.ts"
"free-tool-registry","/tailwind/flexbox-generator","Tailwind","/tailwind/flexbox-generator","src/lib/tools/registry.ts"
"free-tool-registry","/tailwind/grid-generator","Tailwind","/tailwind/grid-generator","src/lib/tools/registry.ts"
"free-tool-registry","/tailwind/card-generator","Tailwind","/tailwind/card-generator","src/lib/tools/registry.ts"
"free-tool-registry","/text/trim-text-lines","Text","/text/trim-text-lines","src/lib/tools/registry.ts"
"free-tool-registry","/text/empty-line-remover","Text","/text/empty-line-remover","src/lib/tools/registry.ts"
"free-tool-registry","/text/extra-whitespaces-remover","Text","/text/extra-whitespaces-remover","src/lib/tools/registry.ts"
"free-tool-registry","/text/all-whitespaces-remover","Text","/text/all-whitespaces-remover","src/lib/tools/registry.ts"
"free-tool-registry","/text/punctuation-mark-remover","Text","/text/punctuation-mark-remover","src/lib/tools/registry.ts"
"free-tool-registry","/text/character-accent-remover","Text","/text/character-accent-remover","src/lib/tools/registry.ts"
"free-tool-registry","/text/backslash-remover","Text","/text/backslash-remover","src/lib/tools/registry.ts"
"free-tool-registry","/text/backslash-adder","Text","/text/backslash-adder","src/lib/tools/registry.ts"
"free-tool-registry","/text/convert-spaces-to-tabs","Text","/text/convert-spaces-to-tabs","src/lib/tools/registry.ts"
"free-tool-registry","/text/convert-tabs-to-spaces","Text","/text/convert-tabs-to-spaces","src/lib/tools/registry.ts"
"free-tool-registry","/text/convert-spaces-to-newlines","Text","/text/convert-spaces-to-newlines","src/lib/tools/registry.ts"
"free-tool-registry","/text/convert-newlines-to-spaces","Text","/text/convert-newlines-to-spaces","src/lib/tools/registry.ts"
"free-tool-registry","/text/text-line-reverser","Text","/text/text-line-reverser","src/lib/tools/registry.ts"
"free-tool-registry","/text/add-line-numbers","Text","/text/add-line-numbers","src/lib/tools/registry.ts"
"free-tool-registry","/text/add-line-prefixes","Text","/text/add-line-prefixes","src/lib/tools/registry.ts"
"free-tool-registry","/text/add-line-suffixes","Text","/text/add-line-suffixes","src/lib/tools/registry.ts"
"free-tool-registry","/text/prefix-and-suffix-text-lines","Text","/text/prefix-and-suffix-text-lines","src/lib/tools/registry.ts"
"free-tool-registry","/text/text-line-filter","Text","/text/text-line-filter","src/lib/tools/registry.ts"
"free-tool-registry","/text/text-line-joiner","Text","/text/text-line-joiner","src/lib/tools/registry.ts"
"free-tool-registry","/text/truncate-text-lines","Text","/text/truncate-text-lines","src/lib/tools/registry.ts"
"free-tool-registry","/text/alphabetic-text-sorter","Text","/text/alphabetic-text-sorter","src/lib/tools/registry.ts"
"free-tool-registry","/text/numeric-text-sorter","Text","/text/numeric-text-sorter","src/lib/tools/registry.ts"
"free-tool-registry","/text/text-by-length-sorter","Text","/text/text-by-length-sorter","src/lib/tools/registry.ts"
"free-tool-registry","/text/word-sorter","Text","/text/word-sorter","src/lib/tools/registry.ts"
"free-tool-registry","/text/center-text","Text","/text/center-text","src/lib/tools/registry.ts"
"free-tool-registry","/text/left-pad-text","Text","/text/left-pad-text","src/lib/tools/registry.ts"
"free-tool-registry","/text/right-pad-text","Text","/text/right-pad-text","src/lib/tools/registry.ts"
"free-tool-registry","/text/justify-text","Text","/text/justify-text","src/lib/tools/registry.ts"
"free-tool-registry","/text/email-extractor","Text","/text/email-extractor","src/lib/tools/registry.ts"
"free-tool-registry","/text/url-extractor","Text","/text/url-extractor","src/lib/tools/registry.ts"
"free-tool-registry","/text/number-extractor","Text","/text/number-extractor","src/lib/tools/registry.ts"
"free-tool-registry","/text/regex-match-extractor","Text","/text/regex-match-extractor","src/lib/tools/registry.ts"
"free-tool-registry","/text/regex-match-replacer","Text","/text/regex-match-replacer","src/lib/tools/registry.ts"
"free-tool-registry","/text/text-statistics-tool","Text","/text/text-statistics-tool","src/lib/tools/registry.ts"
"free-tool-registry","/text/phrase-frequency-calculator","Text","/text/phrase-frequency-calculator","src/lib/tools/registry.ts"
"free-tool-registry","/text/find-longest-text-line","Text","/text/find-longest-text-line","src/lib/tools/registry.ts"
"free-tool-registry","/text/find-shortest-text-line","Text","/text/find-shortest-text-line","src/lib/tools/registry.ts"
"free-tool-registry","/text/text-to-slug-converter","Text","/text/text-to-slug-converter","src/lib/tools/registry.ts"
"free-tool-registry","/text/text-to-list-list-to-text","Text","/text/text-to-list-list-to-text","src/lib/tools/registry.ts"
"free-tool-registry","/text/readability-flesch-kincaid-calculator","Text","/text/readability-flesch-kincaid-calculator","src/lib/tools/registry.ts"
"free-tool-registry","/text/character-frequency-map","Text","/text/character-frequency-map","src/lib/tools/registry.ts"
"free-tool-registry","/text/lorem-ipsum-generator","Text","/text/lorem-ipsum-generator","src/lib/tools/registry.ts"
"free-tool-registry","/text/text-difference-checker","Text","/text/text-difference-checker","src/lib/tools/registry.ts"
"free-tool-registry","/text/fancy-font-generator","Text","/text/fancy-font-generator","src/lib/tools/registry.ts"
"free-tool-registry","/text/upside-down-text-generator","Text","/text/upside-down-text-generator","src/lib/tools/registry.ts"
"free-tool-registry","/text/tiny-text-generator","Text","/text/tiny-text-generator","src/lib/tools/registry.ts"
"free-tool-registry","/text/invisible-character-generator","Text","/text/invisible-character-generator","src/lib/tools/registry.ts"
"free-tool-registry","/text/zalgo-glitch-text-generator","Text","/text/zalgo-glitch-text-generator","src/lib/tools/registry.ts"
"free-tool-registry","/text/unicode-ascii-table-search","Text","/text/unicode-ascii-table-search","src/lib/tools/registry.ts"
"free-tool-registry","/converter/convert-url-encoder","Converter","/converter/convert-url-encoder","src/lib/tools/registry.ts"
"free-tool-registry","/converter/convert-url-decoder","Converter","/converter/convert-url-decoder","src/lib/tools/registry.ts"
"free-tool-registry","/converter/convert-html-encoder","Converter","/converter/convert-html-encoder","src/lib/tools/registry.ts"
"free-tool-registry","/converter/convert-html-decoder","Converter","/converter/convert-html-decoder","src/lib/tools/registry.ts"
"free-tool-registry","/converter/convert-base64-encoder","Converter","/converter/convert-base64-encoder","src/lib/tools/registry.ts"
"free-tool-registry","/converter/convert-base64-decoder","Converter","/converter/convert-base64-decoder","src/lib/tools/registry.ts"
"free-tool-registry","/converter/convert-rot13-encoder-decoder","Converter","/converter/convert-rot13-encoder-decoder","src/lib/tools/registry.ts"
"free-tool-registry","/converter/convert-rot47-encoder-decoder","Converter","/converter/convert-rot47-encoder-decoder","src/lib/tools/registry.ts"
"free-tool-registry","/converter/convert-text-to-binary","Converter","/converter/convert-text-to-binary","src/lib/tools/registry.ts"
"free-tool-registry","/converter/convert-binary-to-text","Converter","/converter/convert-binary-to-text","src/lib/tools/registry.ts"
"free-tool-registry","/converter/convert-text-to-hex","Converter","/converter/convert-text-to-hex","src/lib/tools/registry.ts"
"free-tool-registry","/converter/convert-hex-to-text","Converter","/converter/convert-hex-to-text","src/lib/tools/registry.ts"
"free-tool-registry","/converter/convert-text-to-octal","Converter","/converter/convert-text-to-octal","src/lib/tools/registry.ts"
"free-tool-registry","/converter/convert-octal-to-text","Converter","/converter/convert-octal-to-text","src/lib/tools/registry.ts"
"free-tool-registry","/converter/convert-text-to-decimal","Converter","/converter/convert-text-to-decimal","src/lib/tools/registry.ts"
"free-tool-registry","/converter/convert-decimal-to-text","Converter","/converter/convert-decimal-to-text","src/lib/tools/registry.ts"
"free-tool-registry","/converter/convert-punycode-encoder","Converter","/converter/convert-punycode-encoder","src/lib/tools/registry.ts"
"free-tool-registry","/converter/convert-punycode-decoder","Converter","/converter/convert-punycode-decoder","src/lib/tools/registry.ts"
"free-tool-registry","/converter/convert-idn-encoder","Converter","/converter/convert-idn-encoder","src/lib/tools/registry.ts"
"free-tool-registry","/converter/convert-idn-decoder","Converter","/converter/convert-idn-decoder","src/lib/tools/registry.ts"
"free-tool-registry","/converter/convert-json-to-csv","Converter","/converter/convert-json-to-csv","src/lib/tools/registry.ts"
"free-tool-registry","/converter/convert-csv-to-json","Converter","/converter/convert-csv-to-json","src/lib/tools/registry.ts"
"free-tool-registry","/converter/convert-json-to-yaml","Converter","/converter/convert-json-to-yaml","src/lib/tools/registry.ts"
"free-tool-registry","/converter/convert-yaml-to-json","Converter","/converter/convert-yaml-to-json","src/lib/tools/registry.ts"
"free-tool-registry","/converter/convert-json-to-xml","Converter","/converter/convert-json-to-xml","src/lib/tools/registry.ts"
"free-tool-registry","/converter/convert-xml-to-json","Converter","/converter/convert-xml-to-json","src/lib/tools/registry.ts"
"free-tool-registry","/converter/convert-xml-to-csv","Converter","/converter/convert-xml-to-csv","src/lib/tools/registry.ts"
"free-tool-registry","/converter/convert-csv-to-xml","Converter","/converter/convert-csv-to-xml","src/lib/tools/registry.ts"
"free-tool-registry","/converter/convert-xml-to-yaml","Converter","/converter/convert-xml-to-yaml","src/lib/tools/registry.ts"
"free-tool-registry","/converter/convert-yaml-to-xml","Converter","/converter/convert-yaml-to-xml","src/lib/tools/registry.ts"
"free-tool-registry","/converter/convert-json-to-text","Converter","/converter/convert-json-to-text","src/lib/tools/registry.ts"
"free-tool-registry","/converter/convert-xml-to-text","Converter","/converter/convert-xml-to-text","src/lib/tools/registry.ts"
"free-tool-registry","/converter/convert-html-to-markdown","Converter","/converter/convert-html-to-markdown","src/lib/tools/registry.ts"
"free-tool-registry","/converter/convert-markdown-to-html","Converter","/converter/convert-markdown-to-html","src/lib/tools/registry.ts"
"free-tool-registry","/converter/convert-unix-time-to-utc-time","Converter","/converter/convert-unix-time-to-utc-time","src/lib/tools/registry.ts"
"free-tool-registry","/converter/convert-utc-time-to-unix-time","Converter","/converter/convert-utc-time-to-unix-time","src/lib/tools/registry.ts"
"free-tool-registry","/converter/convert-seconds-to-hms","Converter","/converter/convert-seconds-to-hms","src/lib/tools/registry.ts"
"free-tool-registry","/converter/convert-hms-to-seconds","Converter","/converter/convert-hms-to-seconds","src/lib/tools/registry.ts"
"free-tool-registry","/converter/convert-seconds-to-human-readable-time","Converter","/converter/convert-seconds-to-human-readable-time","src/lib/tools/registry.ts"
"free-tool-registry","/converter/convert-miles-to-kilometers","Converter","/converter/convert-miles-to-kilometers","src/lib/tools/registry.ts"
"free-tool-registry","/converter/convert-kilometers-to-miles","Converter","/converter/convert-kilometers-to-miles","src/lib/tools/registry.ts"
"free-tool-registry","/converter/convert-celsius-to-fahrenheit","Converter","/converter/convert-celsius-to-fahrenheit","src/lib/tools/registry.ts"
"free-tool-registry","/converter/convert-fahrenheit-to-celsius","Converter","/converter/convert-fahrenheit-to-celsius","src/lib/tools/registry.ts"
"free-tool-registry","/converter/convert-degrees-to-radians","Converter","/converter/convert-degrees-to-radians","src/lib/tools/registry.ts"
"free-tool-registry","/converter/convert-radians-to-degrees","Converter","/converter/convert-radians-to-degrees","src/lib/tools/registry.ts"
"free-tool-registry","/converter/convert-pounds-to-kilograms","Converter","/converter/convert-pounds-to-kilograms","src/lib/tools/registry.ts"
"free-tool-registry","/converter/convert-kilograms-to-pounds","Converter","/converter/convert-kilograms-to-pounds","src/lib/tools/registry.ts"
"free-tool-registry","/converter/convert-hex-to-rgb","Converter","/converter/convert-hex-to-rgb","src/lib/tools/registry.ts"
"free-tool-registry","/converter/convert-rgb-to-hex","Converter","/converter/convert-rgb-to-hex","src/lib/tools/registry.ts"
"free-tool-registry","/converter/convert-cmyk-to-rgb","Converter","/converter/convert-cmyk-to-rgb","src/lib/tools/registry.ts"
"free-tool-registry","/converter/convert-rgb-to-cmyk","Converter","/converter/convert-rgb-to-cmyk","src/lib/tools/registry.ts"
"free-tool-registry","/utility/json-prettifier","Utility","/utility/json-prettifier","src/lib/tools/registry.ts"
"free-tool-registry","/utility/json-minifier","Utility","/utility/json-minifier","src/lib/tools/registry.ts"
"free-tool-registry","/utility/json-validator","Utility","/utility/json-validator","src/lib/tools/registry.ts"
"free-tool-registry","/utility/js-prettifier","Utility","/utility/js-prettifier","src/lib/tools/registry.ts"
"free-tool-registry","/utility/js-minifier","Utility","/utility/js-minifier","src/lib/tools/registry.ts"
"free-tool-registry","/utility/js-validator","Utility","/utility/js-validator","src/lib/tools/registry.ts"
"free-tool-registry","/utility/html-prettifier","Utility","/utility/html-prettifier","src/lib/tools/registry.ts"
"free-tool-registry","/utility/html-minifier","Utility","/utility/html-minifier","src/lib/tools/registry.ts"
"free-tool-registry","/utility/css-prettify","Utility","/utility/css-prettify","src/lib/tools/registry.ts"
"free-tool-registry","/utility/css-minifier","Utility","/utility/css-minifier","src/lib/tools/registry.ts"
"free-tool-registry","/utility/xml-prettifier","Utility","/utility/xml-prettifier","src/lib/tools/registry.ts"
"free-tool-registry","/utility/xml-minifier","Utility","/utility/xml-minifier","src/lib/tools/registry.ts"
"free-tool-registry","/utility/random-password-generator","Utility","/utility/random-password-generator","src/lib/tools/registry.ts"
"free-tool-registry","/utility/random-string-generator","Utility","/utility/random-string-generator","src/lib/tools/registry.ts"
"free-tool-registry","/utility/random-number-generator","Utility","/utility/random-number-generator","src/lib/tools/registry.ts"
"free-tool-registry","/utility/random-uuid-generator","Utility","/utility/random-uuid-generator","src/lib/tools/registry.ts"
"free-tool-registry","/utility/random-date-generator","Utility","/utility/random-date-generator","src/lib/tools/registry.ts"
"free-tool-registry","/utility/random-time-generator","Utility","/utility/random-time-generator","src/lib/tools/registry.ts"
"free-tool-registry","/utility/random-element-picker","Utility","/utility/random-element-picker","src/lib/tools/registry.ts"
"exact-text","trim-text-lines","text","/text/trim-text-lines","src/lib/tools/exact-catalog.ts"
"exact-text","empty-line-remover","text","/text/empty-line-remover","src/lib/tools/exact-catalog.ts"
"exact-text","extra-whitespaces-remover","text","/text/extra-whitespaces-remover","src/lib/tools/exact-catalog.ts"
"exact-text","all-whitespaces-remover","text","/text/all-whitespaces-remover","src/lib/tools/exact-catalog.ts"
"exact-text","punctuation-mark-remover","text","/text/punctuation-mark-remover","src/lib/tools/exact-catalog.ts"
"exact-text","character-accent-remover","text","/text/character-accent-remover","src/lib/tools/exact-catalog.ts"
"exact-text","backslash-remover","text","/text/backslash-remover","src/lib/tools/exact-catalog.ts"
"exact-text","backslash-adder","text","/text/backslash-adder","src/lib/tools/exact-catalog.ts"
"exact-text","convert-spaces-to-tabs","text","/text/convert-spaces-to-tabs","src/lib/tools/exact-catalog.ts"
"exact-text","convert-tabs-to-spaces","text","/text/convert-tabs-to-spaces","src/lib/tools/exact-catalog.ts"
"exact-text","convert-spaces-to-newlines","text","/text/convert-spaces-to-newlines","src/lib/tools/exact-catalog.ts"
"exact-text","convert-newlines-to-spaces","text","/text/convert-newlines-to-spaces","src/lib/tools/exact-catalog.ts"
"exact-text","text-line-reverser","text","/text/text-line-reverser","src/lib/tools/exact-catalog.ts"
"exact-text","add-line-numbers","text","/text/add-line-numbers","src/lib/tools/exact-catalog.ts"
"exact-text","add-line-prefixes","text","/text/add-line-prefixes","src/lib/tools/exact-catalog.ts"
"exact-text","add-line-suffixes","text","/text/add-line-suffixes","src/lib/tools/exact-catalog.ts"
"exact-text","prefix-and-suffix-text-lines","text","/text/prefix-and-suffix-text-lines","src/lib/tools/exact-catalog.ts"
"exact-text","text-line-filter","text","/text/text-line-filter","src/lib/tools/exact-catalog.ts"
"exact-text","text-line-joiner","text","/text/text-line-joiner","src/lib/tools/exact-catalog.ts"
"exact-text","truncate-text-lines","text","/text/truncate-text-lines","src/lib/tools/exact-catalog.ts"
"exact-text","alphabetic-text-sorter","text","/text/alphabetic-text-sorter","src/lib/tools/exact-catalog.ts"
"exact-text","numeric-text-sorter","text","/text/numeric-text-sorter","src/lib/tools/exact-catalog.ts"
"exact-text","text-by-length-sorter","text","/text/text-by-length-sorter","src/lib/tools/exact-catalog.ts"
"exact-text","word-sorter","text","/text/word-sorter","src/lib/tools/exact-catalog.ts"
"exact-text","center-text","text","/text/center-text","src/lib/tools/exact-catalog.ts"
"exact-text","left-pad-text","text","/text/left-pad-text","src/lib/tools/exact-catalog.ts"
"exact-text","right-pad-text","text","/text/right-pad-text","src/lib/tools/exact-catalog.ts"
"exact-text","justify-text","text","/text/justify-text","src/lib/tools/exact-catalog.ts"
"exact-text","email-extractor","text","/text/email-extractor","src/lib/tools/exact-catalog.ts"
"exact-text","url-extractor","text","/text/url-extractor","src/lib/tools/exact-catalog.ts"
"exact-text","number-extractor","text","/text/number-extractor","src/lib/tools/exact-catalog.ts"
"exact-text","regex-match-extractor","text","/text/regex-match-extractor","src/lib/tools/exact-catalog.ts"
"exact-text","regex-match-replacer","text","/text/regex-match-replacer","src/lib/tools/exact-catalog.ts"
"exact-text","text-statistics-tool","text","/text/text-statistics-tool","src/lib/tools/exact-catalog.ts"
"exact-text","phrase-frequency-calculator","text","/text/phrase-frequency-calculator","src/lib/tools/exact-catalog.ts"
"exact-text","find-longest-text-line","text","/text/find-longest-text-line","src/lib/tools/exact-catalog.ts"
"exact-text","find-shortest-text-line","text","/text/find-shortest-text-line","src/lib/tools/exact-catalog.ts"
"exact-text","text-to-slug-converter","text","/text/text-to-slug-converter","src/lib/tools/exact-catalog.ts"
"exact-text","text-to-list-list-to-text","text","/text/text-to-list-list-to-text","src/lib/tools/exact-catalog.ts"
"exact-text","readability-flesch-kincaid-calculator","text","/text/readability-flesch-kincaid-calculator","src/lib/tools/exact-catalog.ts"
"exact-text","character-frequency-map","text","/text/character-frequency-map","src/lib/tools/exact-catalog.ts"
"exact-text","lorem-ipsum-generator","text","/text/lorem-ipsum-generator","src/lib/tools/exact-catalog.ts"
"exact-text","text-difference-checker","text","/text/text-difference-checker","src/lib/tools/exact-catalog.ts"
"exact-text","fancy-font-generator","text","/text/fancy-font-generator","src/lib/tools/exact-catalog.ts"
"exact-text","upside-down-text-generator","text","/text/upside-down-text-generator","src/lib/tools/exact-catalog.ts"
"exact-text","tiny-text-generator","text","/text/tiny-text-generator","src/lib/tools/exact-catalog.ts"
"exact-text","invisible-character-generator","text","/text/invisible-character-generator","src/lib/tools/exact-catalog.ts"
"exact-text","zalgo-glitch-text-generator","text","/text/zalgo-glitch-text-generator","src/lib/tools/exact-catalog.ts"
"exact-text","unicode-ascii-table-search","text","/text/unicode-ascii-table-search","src/lib/tools/exact-catalog.ts"
"exact-utility","json-prettifier","utility","/utility/json-prettifier","src/lib/tools/exact-catalog.ts"
"exact-utility","json-minifier","utility","/utility/json-minifier","src/lib/tools/exact-catalog.ts"
"exact-utility","json-validator","utility","/utility/json-validator","src/lib/tools/exact-catalog.ts"
"exact-utility","js-prettifier","utility","/utility/js-prettifier","src/lib/tools/exact-catalog.ts"
"exact-utility","js-minifier","utility","/utility/js-minifier","src/lib/tools/exact-catalog.ts"
"exact-utility","js-validator","utility","/utility/js-validator","src/lib/tools/exact-catalog.ts"
"exact-utility","html-prettifier","utility","/utility/html-prettifier","src/lib/tools/exact-catalog.ts"
"exact-utility","html-minifier","utility","/utility/html-minifier","src/lib/tools/exact-catalog.ts"
"exact-utility","css-prettify","utility","/utility/css-prettify","src/lib/tools/exact-catalog.ts"
"exact-utility","css-minifier","utility","/utility/css-minifier","src/lib/tools/exact-catalog.ts"
"exact-utility","xml-prettifier","utility","/utility/xml-prettifier","src/lib/tools/exact-catalog.ts"
"exact-utility","xml-minifier","utility","/utility/xml-minifier","src/lib/tools/exact-catalog.ts"
"exact-utility","random-password-generator","utility","/utility/random-password-generator","src/lib/tools/exact-catalog.ts"
"exact-utility","random-string-generator","utility","/utility/random-string-generator","src/lib/tools/exact-catalog.ts"
"exact-utility","random-number-generator","utility","/utility/random-number-generator","src/lib/tools/exact-catalog.ts"
"exact-utility","random-uuid-generator","utility","/utility/random-uuid-generator","src/lib/tools/exact-catalog.ts"
"exact-utility","random-date-generator","utility","/utility/random-date-generator","src/lib/tools/exact-catalog.ts"
"exact-utility","random-time-generator","utility","/utility/random-time-generator","src/lib/tools/exact-catalog.ts"
"exact-utility","random-element-picker","utility","/utility/random-element-picker","src/lib/tools/exact-catalog.ts"
"word-counter-landing","word-counter-for-essay","text","/text/word-counter-for-essay","src/lib/word-counter-landings/registry.ts"
"word-counter-landing","word-counter-for-seo","text","/text/word-counter-for-seo","src/lib/word-counter-landings/registry.ts"
"word-counter-landing","word-counter-for-students","text","/text/word-counter-for-students","src/lib/word-counter-landings/registry.ts"
"word-counter-landing","word-counter-500-words","text","/text/word-counter-500-words","src/lib/word-counter-landings/registry.ts"
"word-counter-landing","word-counter-1000-words","text","/text/word-counter-1000-words","src/lib/word-counter-landings/registry.ts"
"word-counter-landing","reading-time-calculator","text","/text/reading-time-calculator","src/lib/word-counter-landings/registry.ts"
"word-counter-landing","how-many-words-is-500-characters","text","/text/how-many-words-is-500-characters","src/lib/word-counter-landings/registry.ts"
"word-counter-landing","word-counter-for-college-students","text","/text/word-counter-for-college-students","src/lib/word-counter-landings/registry.ts"
"word-counter-landing","word-counter-for-high-school-students","text","/text/word-counter-for-high-school-students","src/lib/word-counter-landings/registry.ts"
"word-counter-landing","word-counter-for-writers","text","/text/word-counter-for-writers","src/lib/word-counter-landings/registry.ts"
"word-counter-landing","word-counter-for-bloggers","text","/text/word-counter-for-bloggers","src/lib/word-counter-landings/registry.ts"
"word-counter-landing","word-counter-for-content-writers","text","/text/word-counter-for-content-writers","src/lib/word-counter-landings/registry.ts"
"word-counter-landing","word-counter-for-copywriters","text","/text/word-counter-for-copywriters","src/lib/word-counter-landings/registry.ts"
"word-counter-landing","word-counter-for-freelancers","text","/text/word-counter-for-freelancers","src/lib/word-counter-landings/registry.ts"
"word-counter-landing","word-counter-for-journalists","text","/text/word-counter-for-journalists","src/lib/word-counter-landings/registry.ts"
"word-counter-landing","word-counter-for-researchers","text","/text/word-counter-for-researchers","src/lib/word-counter-landings/registry.ts"
"word-counter-landing","word-counter-for-academics","text","/text/word-counter-for-academics","src/lib/word-counter-landings/registry.ts"
"word-counter-landing","word-counter-for-authors","text","/text/word-counter-for-authors","src/lib/word-counter-landings/registry.ts"
"word-counter-landing","word-counter-for-social-media","text","/text/word-counter-for-social-media","src/lib/word-counter-landings/registry.ts"
"word-counter-landing","word-counter-for-instagram","text","/text/word-counter-for-instagram","src/lib/word-counter-landings/registry.ts"
"word-counter-landing","word-counter-for-twitter","text","/text/word-counter-for-twitter","src/lib/word-counter-landings/registry.ts"
"word-counter-landing","word-counter-for-youtube","text","/text/word-counter-for-youtube","src/lib/word-counter-landings/registry.ts"
"word-counter-landing","word-counter-for-email-writing","text","/text/word-counter-for-email-writing","src/lib/word-counter-landings/registry.ts"
"word-counter-landing","word-counter-for-business-writing","text","/text/word-counter-for-business-writing","src/lib/word-counter-landings/registry.ts"
"word-counter-landing","word-counter-for-marketing","text","/text/word-counter-for-marketing","src/lib/word-counter-landings/registry.ts"
"word-counter-landing","word-counter-for-research-paper","text","/text/word-counter-for-research-paper","src/lib/word-counter-landings/registry.ts"
"word-counter-landing","word-counter-for-college-essay","text","/text/word-counter-for-college-essay","src/lib/word-counter-landings/registry.ts"
"word-counter-landing","word-counter-for-blog-posts","text","/text/word-counter-for-blog-posts","src/lib/word-counter-landings/registry.ts"
"word-counter-landing","word-counter-for-scholarship-essay","text","/text/word-counter-for-scholarship-essay","src/lib/word-counter-landings/registry.ts"
"word-counter-landing","word-counter-for-dissertations","text","/text/word-counter-for-dissertations","src/lib/word-counter-landings/registry.ts"
"word-counter-landing","word-counter-for-grant-writing","text","/text/word-counter-for-grant-writing","src/lib/word-counter-landings/registry.ts"
"word-counter-landing","word-counter-for-legal-writing","text","/text/word-counter-for-legal-writing","src/lib/word-counter-landings/registry.ts"
"word-counter-landing","word-counter-for-teachers","text","/text/word-counter-for-teachers","src/lib/word-counter-landings/registry.ts"
"word-counter-landing","word-counter-for-linkedin","text","/text/word-counter-for-linkedin","src/lib/word-counter-landings/registry.ts"
"word-counter-landing","word-counter-for-tiktok","text","/text/word-counter-for-tiktok","src/lib/word-counter-landings/registry.ts"
"word-counter-landing","word-counter-for-facebook","text","/text/word-counter-for-facebook","src/lib/word-counter-landings/registry.ts"
"word-counter-landing","word-counter-for-newsletters","text","/text/word-counter-for-newsletters","src/lib/word-counter-landings/registry.ts"
"word-counter-landing","word-counter-for-translators","text","/text/word-counter-for-translators","src/lib/word-counter-landings/registry.ts"
"word-counter-landing","word-counter-for-developers","text","/text/word-counter-for-developers","src/lib/word-counter-landings/registry.ts"
"word-counter-landing","word-counter-for-scientific-writing","text","/text/word-counter-for-scientific-writing","src/lib/word-counter-landings/registry.ts"
"word-counter-landing","word-counter-for-admissions-essay","text","/text/word-counter-for-admissions-essay","src/lib/word-counter-landings/registry.ts"
"word-counter-landing","word-counter-for-thesis","text","/text/word-counter-for-thesis","src/lib/word-counter-landings/registry.ts"
"word-counter-landing","word-counter-for-poetry","text","/text/word-counter-for-poetry","src/lib/word-counter-landings/registry.ts"
"word-counter-landing","word-counter-for-script-writers","text","/text/word-counter-for-script-writers","src/lib/word-counter-landings/registry.ts"
"word-counter-landing","word-counter-for-speech-writers","text","/text/word-counter-for-speech-writers","src/lib/word-counter-landings/registry.ts"
"word-counter-landing","word-counter-for-ecommerce","text","/text/word-counter-for-ecommerce","src/lib/word-counter-landings/registry.ts"
"word-counter-landing","word-counter-100-words","text","/text/word-counter-100-words","src/lib/word-counter-landings/registry.ts"
"word-counter-landing","word-counter-150-words","text","/text/word-counter-150-words","src/lib/word-counter-landings/registry.ts"
"word-counter-landing","word-counter-200-words","text","/text/word-counter-200-words","src/lib/word-counter-landings/registry.ts"
"word-counter-landing","word-counter-250-words","text","/text/word-counter-250-words","src/lib/word-counter-landings/registry.ts"
"word-counter-landing","word-counter-300-words","text","/text/word-counter-300-words","src/lib/word-counter-landings/registry.ts"
"word-counter-landing","word-counter-400-words","text","/text/word-counter-400-words","src/lib/word-counter-landings/registry.ts"
"word-counter-landing","word-counter-750-words","text","/text/word-counter-750-words","src/lib/word-counter-landings/registry.ts"
"word-counter-landing","word-counter-1500-words","text","/text/word-counter-1500-words","src/lib/word-counter-landings/registry.ts"
"word-counter-landing","word-counter-2000-words","text","/text/word-counter-2000-words","src/lib/word-counter-landings/registry.ts"
"word-counter-landing","word-counter-3000-words","text","/text/word-counter-3000-words","src/lib/word-counter-landings/registry.ts"
"word-counter-landing","word-counter-under-100-words","text","/text/word-counter-under-100-words","src/lib/word-counter-landings/registry.ts"
"word-counter-landing","word-counter-under-300-words","text","/text/word-counter-under-300-words","src/lib/word-counter-landings/registry.ts"
"word-counter-landing","sentence-counter","text","/text/sentence-counter","src/lib/word-counter-landings/registry.ts"
"word-counter-landing","paragraph-counter","text","/text/paragraph-counter","src/lib/word-counter-landings/registry.ts"
"word-counter-landing","characters-without-spaces","text","/text/characters-without-spaces","src/lib/word-counter-landings/registry.ts"
"word-counter-landing","text-length-checker","text","/text/text-length-checker","src/lib/word-counter-landings/registry.ts"
"word-counter-landing","word-count-checker","text","/text/word-count-checker","src/lib/word-counter-landings/registry.ts"
"word-counter-landing","count-words-in-text","text","/text/count-words-in-text","src/lib/word-counter-landings/registry.ts"
"word-counter-landing","check-word-count-for-essay","text","/text/check-word-count-for-essay","src/lib/word-counter-landings/registry.ts"
"word-counter-landing","check-character-limit","text","/text/check-character-limit","src/lib/word-counter-landings/registry.ts"
"word-counter-landing","calculate-reading-time","text","/text/calculate-reading-time","src/lib/word-counter-landings/registry.ts"
"word-counter-landing","measure-text-length","text","/text/measure-text-length","src/lib/word-counter-landings/registry.ts"
"word-counter-landing","how-many-words-is-a-page","text","/text/how-many-words-is-a-page","src/lib/word-counter-landings/registry.ts"
"word-counter-landing","how-many-words-per-minute-reading","text","/text/how-many-words-per-minute-reading","src/lib/word-counter-landings/registry.ts"
"word-counter-landing","reading-time-for-1000-words","text","/text/reading-time-for-1000-words","src/lib/word-counter-landings/registry.ts"
"word-counter-landing","reading-time-for-2000-words","text","/text/reading-time-for-2000-words","src/lib/word-counter-landings/registry.ts"
"word-counter-landing","how-many-words-is-1000-characters","text","/text/how-many-words-is-1000-characters","src/lib/word-counter-landings/registry.ts"
